mauris.Morbi.non@Aliquam.ca|EEM90SHN0UY|admin
vel.mauris@nislQuisque.org|MRH03UPF5DP|admin
feugiat@accumsan.ca|ZJT89NKH1WF|customer
Mauris@iaculis.co.uk|NEX12SYS4JD|customer
risus.Morbi.metus@Phaselluselit.co.uk|TMP38CVI7KE|customer
parturient.montes@nullaatsem.org|RQS57HCQ8TF|customer
pede@quis.co.uk|WPN01GFE9ST|admin
ut.pellentesque.eget@fames.org|WFI60QLT0AL|admin
hymenaeos@ipsum.com|GJY32SRC7HW|customer
sed.libero@eu.ca|HAZ50EDZ2PJ|admin
ligula.Nullam.feugiat@arcuacorci.edu|INS67ABY0EM|admin
eleifend.nunc@Aenean.com|VBE31BGE7LX|customer
eleifend.non.dapibus@consequatpurusMaecenas.edu|CFS48NTL1XH|customer
in@natoquepenatibus.co.uk|JNA07UMK4HA|admin
tellus.id.nunc@Morbisitamet.co.uk|JJU13AJA2VW|customer
eu.turpis@purusDuiselementum.com|LYZ43GOA7EV|customer
adipiscing@necmauris.net|MIG13CWH5VU|customer
neque.tellus@lacinia.co.uk|UUP38KXS4TH|customer
feugiat.metus.sit@maurisutmi.co.uk|DZC36DNG2GF|customer
vehicula.risus@Phasellusfermentum.org|UDB46PKR4MX|customer
amet@orciUtsemper.edu|JGO25WKP3JV|admin
nec@eleifendnec.net|SQN67GSO3OQ|admin
fermentum.vel@dignissim.co.uk|KZZ29MII8FB|customer
ipsum.non.arcu@nonjustoProin.net|JGW14NRR3FC|admin
elit.elit@Proinnonmassa.edu|IRL86WDO8NK|admin
adipiscing@inceptoshymenaeosMauris.ca|UNP34LED4WM|customer
egestas@Sedeu.com|RAW26WBB6JA|admin
odio.vel.est@laciniaorci.net|JBA09XDV4HY|customer
quis@tristique.org|UMY45HVX5BZ|admin
et.libero.Proin@tinciduntadipiscingMauris.com|PNQ25NIO0HT|admin
vulputate.dui@Cras.net|LCN05VFU2ZM|customer
vulputate.velit@Fuscemilorem.co.uk|AZN19IVH0NO|admin
commodo@dictummagna.edu|VKB75XYN1HS|admin
ut.cursus@mauris.edu|LKJ27OAL4AH|admin
sagittis.semper.Nam@adipiscinglacus.edu|WYH32DRI5BD|customer
nec.euismod.in@consequat.com|KYT72HPN2RV|admin
nonummy@dolor.edu|ZKK00JOO9IC|admin
mauris.sagittis@fringillacursus.com|KLA38ZBG2HC|admin
pulvinar@nonquam.org|WOQ58UUE7PB|customer
non.ante.bibendum@ornareelit.com|WXT39FAI0QG|customer
fringilla.est.Mauris@Quisquenonummyipsum.ca|NMX28AYA8EL|customer
primis.in.faucibus@tinciduntadipiscingMauris.co.uk|EDA91ZGL3ZN|customer
at@neque.ca|LDH08LGE7VC|admin
mattis.semper.dui@nequenonquam.com|IKV21VBK3HI|admin
est@uteratSed.org|OVD71NVM8EP|customer
Phasellus@magna.edu|JTA99HAS0BW|admin
sed.leo@eu.co.uk|FEZ05OXV6QP|admin
diam@afacilisis.ca|TIJ01DGP5TA|customer
nascetur.ridiculus@suscipit.edu|UZA36URS0UG|customer
in.sodales@nec.ca|TBA25QZA0YR|admin
aliquam@lacusAliquam.edu|HDG61DGI8OG|customer
mollis.Phasellus.libero@enimSuspendisse.co.uk|RXW16VYX6FG|admin
enim.Suspendisse@metusIn.org|QQA11GWW5SX|admin
amet@tortorNunccommodo.ca|JDT84HKA0FU|customer
sapien.cursus.in@vitae.ca|RTA62SJO5OY|admin
tempor.erat.neque@metusVivamuseuismod.com|VRF18SEC6DC|customer
nibh.Quisque.nonummy@auctorvitae.com|RMD54MBJ2UT|admin
fringilla.est@fringillacursus.org|LDP63OJE0RM|customer
volutpat.ornare@Aeneanegestashendrerit.edu|TUI67IGR5BA|admin
dictum.eleifend.nunc@non.edu|VCT34GKJ1RO|customer
ultrices.sit@fringillapurusmauris.com|LFO43ICQ2SJ|customer
libero.mauris@malesuadafringillaest.com|WAU43ZCS5FQ|admin
mauris.Integer.sem@magnatellus.ca|COK51AKR2GY|admin
ligula.Nullam.enim@vehicularisusNulla.edu|XIS70BLN1AM|admin
ac.tellus@sagittisfelisDonec.edu|RTZ20ULK6KQ|customer
mi.lorem.vehicula@eutellusPhasellus.edu|TSN62NKL8EZ|admin
metus@dolorelit.net|LTF73HJK0IE|admin
venenatis.vel.faucibus@a.edu|YBM53RHE2BM|customer
ipsum@liberoMorbiaccumsan.com|XDU34YIN6HE|admin
neque.venenatis@nunc.com|JFB19UGH2RN|customer
magna.et.ipsum@etmalesuadafames.org|PCM57JCO1LY|customer
justo.Proin.non@rutrumurnanec.edu|BFQ31NCC1TQ|admin
Proin.dolor@dictum.ca|PPF69UAP3OA|admin
ridiculus@orciadipiscing.ca|NKT23KTA0UU|admin
convallis.ante.lectus@loremsit.com|PJC20EUE5PA|customer
adipiscing@nisinibhlacinia.edu|NBI69XNA1RR|admin
at@ligulaAeneangravida.org|UAT72QQB8CL|customer
sed.libero.Proin@in.co.uk|IAP54QIR4ZI|customer
magnis.dis.parturient@egetvolutpat.edu|LBX50GWU1KO|admin
dictum.eu@Proinvelnisl.edu|NRH32VKU3XO|customer
aliquet.odio@nulla.edu|PPY93MKI1MT|customer
dictum@tortornibh.org|YZL95KVZ0HF|admin
ut.dolor.dapibus@lectus.org|UCL49QLN8TV|customer
amet.dapibus@elitpellentesquea.net|JCP99TAP4CO|admin
risus@necdiam.com|EGV36JKB9PE|customer
Sed@ataugueid.com|TWV85FCG2UL|admin
Cras.interdum@sitamet.net|QOT70QJJ9XD|customer
facilisi.Sed@sollicitudina.co.uk|ZVY33LMG0GH|admin
arcu@sitametante.edu|AGD02NVQ1BW|customer
feugiat.metus@Integersemelit.co.uk|WZW29JCY3DV|admin
eget.mollis.lectus@et.co.uk|OGP91BXW7FZ|customer
Ut@duiSuspendisseac.ca|OPC61POM4YW|admin
nunc.sed.libero@etpedeNunc.co.uk|ZMW06QFW3VB|customer
nulla.Donec@Nuncullamcorper.com|OSR52NTK3ER|admin
dui.semper@elitAliquam.com|NXY78WZO5TZ|customer
Donec.non.justo@fringillaporttitor.co.uk|ZFU28ODH9XZ|admin
ante.blandit@dolorNulla.com|SXX51SPF6US|admin
Nunc.lectus.pede@sagittis.edu|GAM39ZZE1IS|customer
Nulla.tincidunt@auctor.edu|WRS55PGA7SF|admin
at@diamluctuslobortis.edu|PKT09KWL4OD|admin
